id,path,solved,time
0,benchmarks/fastsmtData/smt_data/qf_bv/bruttomesso/core/test/ext_con_004_001_0032.smt2,True,0.023364543914794922
1,benchmarks/fastsmtData/smt_data/qf_bv/bruttomesso/core/test/ext_con_004_001_0064.smt2,True,0.03820943832397461
2,benchmarks/fastsmtData/smt_data/qf_bv/bruttomesso/core/test/ext_con_004_001_0128.smt2,True,0.07396149635314941
3,benchmarks/fastsmtData/smt_data/qf_bv/bruttomesso/core/test/ext_con_004_002_0256.smt2,True,0.10543441772460938
4,benchmarks/fastsmtData/smt_data/qf_bv/bruttomesso/core/test/ext_con_004_002_0512.smt2,True,0.22663092613220215
5,benchmarks/fastsmtData/smt_data/qf_bv/bruttomesso/core/test/ext_con_004_004_0016.smt2,True,0.0448298454284668
6,benchmarks/fastsmtData/smt_data/qf_bv/bruttomesso/core/test/ext_con_004_004_0064.smt2,True,0.04241061210632324
7,benchmarks/fastsmtData/smt_data/qf_bv/bruttomesso/core/test/ext_con_004_004_0256.smt2,True,0.10918045043945312
8,benchmarks/fastsmtData/smt_data/qf_bv/bruttomesso/core/test/ext_con_004_008_0032.smt2,True,0.04908132553100586
9,benchmarks/fastsmtData/smt_data/qf_bv/bruttomesso/core/test/ext_con_004_008_0064.smt2,True,0.04666733741760254
10,benchmarks/fastsmtData/smt_data/qf_bv/bruttomesso/core/test/ext_con_004_008_0256.smt2,True,0.09757137298583984
11,benchmarks/fastsmtData/smt_data/qf_bv/bruttomesso/core/test/ext_con_004_008_0512.smt2,True,0.2110276222229004
12,benchmarks/fastsmtData/smt_data/qf_bv/bruttomesso/core/test/ext_con_004_008_1024.smt2,True,3.1482443809509277
13,benchmarks/fastsmtData/smt_data/qf_bv/bruttomesso/core/test/ext_con_004_016_0064.smt2,True,0.04125070571899414
14,benchmarks/fastsmtData/smt_data/qf_bv/bruttomesso/core/test/ext_con_004_016_0256.smt2,True,0.10538792610168457
15,benchmarks/fastsmtData/smt_data/qf_bv/bruttomesso/core/test/ext_con_004_016_0512.smt2,True,0.19509267807006836
16,benchmarks/fastsmtData/smt_data/qf_bv/bruttomesso/core/test/ext_con_004_032_0256.smt2,True,0.11044716835021973
17,benchmarks/fastsmtData/smt_data/qf_bv/bruttomesso/core/test/ext_con_004_032_0512.smt2,True,0.22323226928710938
18,benchmarks/fastsmtData/smt_data/qf_bv/bruttomesso/core/test/ext_con_004_128_1024.smt2,True,0.48923492431640625
19,benchmarks/fastsmtData/smt_data/qf_bv/bruttomesso/core/test/ext_con_004_256_1024.smt2,True,0.6547408103942871
20,benchmarks/fastsmtData/smt_data/qf_bv/bruttomesso/core/test/ext_con_008_001_0128.smt2,True,0.06573343276977539
21,benchmarks/fastsmtData/smt_data/qf_bv/bruttomesso/core/test/ext_con_008_001_0512.smt2,True,0.24961042404174805
22,benchmarks/fastsmtData/smt_data/qf_bv/bruttomesso/core/test/ext_con_008_001_1024.smt2,True,0.5317823886871338
23,benchmarks/fastsmtData/smt_data/qf_bv/bruttomesso/core/test/ext_con_008_002_0016.smt2,True,0.04431867599487305
24,benchmarks/fastsmtData/smt_data/qf_bv/bruttomesso/core/test/ext_con_008_004_0064.smt2,True,0.0523524284362793
25,benchmarks/fastsmtData/smt_data/qf_bv/bruttomesso/core/test/ext_con_008_004_0128.smt2,True,0.07543826103210449
26,benchmarks/fastsmtData/smt_data/qf_bv/bruttomesso/core/test/ext_con_008_004_1024.smt2,True,0.8741705417633057
27,benchmarks/fastsmtData/smt_data/qf_bv/bruttomesso/core/test/ext_con_008_008_0032.smt2,True,0.05923819541931152
28,benchmarks/fastsmtData/smt_data/qf_bv/bruttomesso/core/test/ext_con_008_008_0064.smt2,True,0.04277920722961426
29,benchmarks/fastsmtData/smt_data/qf_bv/bruttomesso/core/test/ext_con_008_008_1024.smt2,True,0.5923988819122314
30,benchmarks/fastsmtData/smt_data/qf_bv/bruttomesso/core/test/ext_con_008_016_0064.smt2,True,0.057523488998413086
31,benchmarks/fastsmtData/smt_data/qf_bv/bruttomesso/core/test/ext_con_008_016_0256.smt2,True,0.14557361602783203
32,benchmarks/fastsmtData/smt_data/qf_bv/bruttomesso/core/test/ext_con_008_016_0512.smt2,True,0.3116612434387207
33,benchmarks/fastsmtData/smt_data/qf_bv/bruttomesso/core/test/ext_con_008_016_1024.smt2,True,0.648651123046875
34,benchmarks/fastsmtData/smt_data/qf_bv/bruttomesso/core/test/ext_con_008_064_0512.smt2,True,0.3317086696624756
35,benchmarks/fastsmtData/smt_data/qf_bv/bruttomesso/core/test/ext_con_008_128_0512.smt2,True,0.3183732032775879
36,benchmarks/fastsmtData/smt_data/qf_bv/bruttomesso/core/test/ext_con_008_128_1024.smt2,True,0.6352479457855225
37,benchmarks/fastsmtData/smt_data/qf_bv/bruttomesso/core/test/ext_con_012_001_0512.smt2,True,0.39234328269958496
38,benchmarks/fastsmtData/smt_data/qf_bv/bruttomesso/core/test/ext_con_012_002_0032.smt2,True,0.05286812782287598
39,benchmarks/fastsmtData/smt_data/qf_bv/bruttomesso/core/test/ext_con_012_002_0128.smt2,True,0.08637738227844238
40,benchmarks/fastsmtData/smt_data/qf_bv/bruttomesso/core/test/ext_con_012_002_1024.smt2,True,0.7855126857757568
41,benchmarks/fastsmtData/smt_data/qf_bv/bruttomesso/core/test/ext_con_012_004_0032.smt2,True,0.047193288803100586
42,benchmarks/fastsmtData/smt_data/qf_bv/bruttomesso/core/test/ext_con_012_004_0128.smt2,True,0.10740375518798828
43,benchmarks/fastsmtData/smt_data/qf_bv/bruttomesso/core/test/ext_con_012_004_0512.smt2,True,0.36016416549682617
44,benchmarks/fastsmtData/smt_data/qf_bv/bruttomesso/core/test/ext_con_012_004_1024.smt2,True,0.8912019729614258
45,benchmarks/fastsmtData/smt_data/qf_bv/bruttomesso/core/test/ext_con_012_008_0064.smt2,True,0.07412409782409668
46,benchmarks/fastsmtData/smt_data/qf_bv/bruttomesso/core/test/ext_con_012_008_1024.smt2,True,0.8760442733764648
47,benchmarks/fastsmtData/smt_data/qf_bv/bruttomesso/core/test/ext_con_012_032_0128.smt2,True,0.10996294021606445
48,benchmarks/fastsmtData/smt_data/qf_bv/bruttomesso/core/test/ext_con_012_032_0256.smt2,True,0.15138792991638184
49,benchmarks/fastsmtData/smt_data/qf_bv/bruttomesso/core/test/ext_con_012_032_1024.smt2,True,0.8058319091796875
50,benchmarks/fastsmtData/smt_data/qf_bv/bruttomesso/core/test/ext_con_012_064_1024.smt2,True,1.266819715499878
51,benchmarks/fastsmtData/smt_data/qf_bv/bruttomesso/core/test/ext_con_012_128_1024.smt2,True,1.1614601612091064
52,benchmarks/fastsmtData/smt_data/qf_bv/bruttomesso/core/test/ext_con_012_256_1024.smt2,True,1.337820291519165
53,benchmarks/fastsmtData/smt_data/qf_bv/bruttomesso/core/test/ext_con_016_001_0512.smt2,True,0.4548838138580322
54,benchmarks/fastsmtData/smt_data/qf_bv/bruttomesso/core/test/ext_con_016_001_1024.smt2,True,1.4709522724151611
55,benchmarks/fastsmtData/smt_data/qf_bv/bruttomesso/core/test/ext_con_016_002_0016.smt2,True,0.03602242469787598
56,benchmarks/fastsmtData/smt_data/qf_bv/bruttomesso/core/test/ext_con_016_002_0064.smt2,True,0.08995413780212402
57,benchmarks/fastsmtData/smt_data/qf_bv/bruttomesso/core/test/ext_con_016_002_0128.smt2,True,0.11719655990600586
58,benchmarks/fastsmtData/smt_data/qf_bv/bruttomesso/core/test/ext_con_016_002_0256.smt2,True,0.2293851375579834
59,benchmarks/fastsmtData/smt_data/qf_bv/bruttomesso/core/test/ext_con_016_002_1024.smt2,True,1.4855315685272217
60,benchmarks/fastsmtData/smt_data/qf_bv/bruttomesso/core/test/ext_con_016_004_0016.smt2,True,0.0538020133972168
61,benchmarks/fastsmtData/smt_data/qf_bv/bruttomesso/core/test/ext_con_016_004_1024.smt2,True,1.6039419174194336
62,benchmarks/fastsmtData/smt_data/qf_bv/bruttomesso/core/test/ext_con_016_008_0128.smt2,True,0.14454174041748047
63,benchmarks/fastsmtData/smt_data/qf_bv/bruttomesso/core/test/ext_con_016_016_0512.smt2,True,0.5081696510314941
64,benchmarks/fastsmtData/smt_data/qf_bv/bruttomesso/core/test/ext_con_016_032_1024.smt2,True,1.1810545921325684
65,benchmarks/fastsmtData/smt_data/qf_bv/bruttomesso/core/test/ext_con_020_001_0032.smt2,True,0.06865954399108887
66,benchmarks/fastsmtData/smt_data/qf_bv/bruttomesso/core/test/ext_con_020_001_0128.smt2,True,0.150559663772583
67,benchmarks/fastsmtData/smt_data/qf_bv/bruttomesso/core/test/ext_con_020_001_0256.smt2,True,0.2705254554748535
68,benchmarks/fastsmtData/smt_data/qf_bv/bruttomesso/core/test/ext_con_020_002_0032.smt2,True,0.0758523941040039
69,benchmarks/fastsmtData/smt_data/qf_bv/bruttomesso/core/test/ext_con_020_002_0256.smt2,True,0.258497953414917
70,benchmarks/fastsmtData/smt_data/qf_bv/bruttomesso/core/test/ext_con_020_004_0032.smt2,True,0.08560347557067871
71,benchmarks/fastsmtData/smt_data/qf_bv/bruttomesso/core/test/ext_con_020_004_0128.smt2,True,0.1425490379333496
72,benchmarks/fastsmtData/smt_data/qf_bv/bruttomesso/core/test/ext_con_020_008_0064.smt2,True,0.0855717658996582
73,benchmarks/fastsmtData/smt_data/qf_bv/bruttomesso/core/test/ext_con_020_016_0128.smt2,True,0.16010642051696777
74,benchmarks/fastsmtData/smt_data/qf_bv/bruttomesso/core/test/ext_con_020_016_1024.smt2,True,1.4623682498931885
75,benchmarks/fastsmtData/smt_data/qf_bv/bruttomesso/core/test/ext_con_020_032_1024.smt2,True,1.7537956237792969
76,benchmarks/fastsmtData/smt_data/qf_bv/bruttomesso/core/test/ext_con_024_001_0032.smt2,True,0.06700253486633301
77,benchmarks/fastsmtData/smt_data/qf_bv/bruttomesso/core/test/ext_con_024_001_0128.smt2,True,0.16471123695373535
78,benchmarks/fastsmtData/smt_data/qf_bv/bruttomesso/core/test/ext_con_024_002_0064.smt2,True,0.10054135322570801
79,benchmarks/fastsmtData/smt_data/qf_bv/bruttomesso/core/test/ext_con_024_004_0256.smt2,True,0.32828378677368164
80,benchmarks/fastsmtData/smt_data/qf_bv/bruttomesso/core/test/ext_con_024_008_0032.smt2,True,0.10160326957702637
81,benchmarks/fastsmtData/smt_data/qf_bv/bruttomesso/core/test/ext_con_024_008_0128.smt2,True,0.13445186614990234
82,benchmarks/fastsmtData/smt_data/qf_bv/bruttomesso/core/test/ext_con_024_008_0256.smt2,True,0.29967689514160156
83,benchmarks/fastsmtData/smt_data/qf_bv/bruttomesso/core/test/ext_con_024_008_0512.smt2,True,0.5870680809020996
84,benchmarks/fastsmtData/smt_data/qf_bv/bruttomesso/core/test/ext_con_024_016_0128.smt2,True,0.1966416835784912
85,benchmarks/fastsmtData/smt_data/qf_bv/bruttomesso/core/test/ext_con_024_016_0512.smt2,True,0.8136374950408936
86,benchmarks/fastsmtData/smt_data/qf_bv/bruttomesso/core/test/ext_con_024_016_1024.smt2,True,1.7493345737457275
87,benchmarks/fastsmtData/smt_data/qf_bv/bruttomesso/core/test/ext_con_024_032_0256.smt2,True,0.3138909339904785
88,benchmarks/fastsmtData/smt_data/qf_bv/bruttomesso/core/test/ext_con_024_032_0512.smt2,True,0.5843048095703125
89,benchmarks/fastsmtData/smt_data/qf_bv/bruttomesso/core/test/ext_con_024_064_0256.smt2,True,0.3668339252471924
90,benchmarks/fastsmtData/smt_data/qf_bv/bruttomesso/core/test/ext_con_024_064_0512.smt2,True,0.7337822914123535
91,benchmarks/fastsmtData/smt_data/qf_bv/bruttomesso/core/test/ext_con_028_001_1024.smt2,False,10
92,benchmarks/fastsmtData/smt_data/qf_bv/bruttomesso/core/test/ext_con_028_002_0032.smt2,True,0.13165664672851562
93,benchmarks/fastsmtData/smt_data/qf_bv/bruttomesso/core/test/ext_con_028_002_1024.smt2,True,1.5625452995300293
94,benchmarks/fastsmtData/smt_data/qf_bv/bruttomesso/core/test/ext_con_028_004_0032.smt2,True,0.12242269515991211
95,benchmarks/fastsmtData/smt_data/qf_bv/bruttomesso/core/test/ext_con_028_004_0128.smt2,True,0.19042444229125977
96,benchmarks/fastsmtData/smt_data/qf_bv/bruttomesso/core/test/ext_con_028_004_0256.smt2,True,0.3817477226257324
97,benchmarks/fastsmtData/smt_data/qf_bv/bruttomesso/core/test/ext_con_028_004_1024.smt2,True,7.171793222427368
98,benchmarks/fastsmtData/smt_data/qf_bv/bruttomesso/core/test/ext_con_028_008_0512.smt2,True,0.842216968536377
99,benchmarks/fastsmtData/smt_data/qf_bv/bruttomesso/core/test/ext_con_028_008_1024.smt2,True,1.6980531215667725
100,benchmarks/fastsmtData/smt_data/qf_bv/bruttomesso/core/test/ext_con_028_016_0128.smt2,True,0.23156499862670898
101,benchmarks/fastsmtData/smt_data/qf_bv/bruttomesso/core/test/ext_con_028_016_1024.smt2,True,2.441253662109375
102,benchmarks/fastsmtData/smt_data/qf_bv/bruttomesso/core/test/ext_con_028_032_0128.smt2,True,0.21191692352294922
103,benchmarks/fastsmtData/smt_data/qf_bv/bruttomesso/core/test/ext_con_028_032_0256.smt2,True,0.44619035720825195
104,benchmarks/fastsmtData/smt_data/qf_bv/bruttomesso/core/test/ext_con_028_064_0256.smt2,True,0.4721541404724121
105,benchmarks/fastsmtData/smt_data/qf_bv/bruttomesso/core/test/ext_con_028_064_0512.smt2,True,1.418891191482544
106,benchmarks/fastsmtData/smt_data/qf_bv/bruttomesso/core/test/ext_con_028_064_1024.smt2,True,2.3431904315948486
107,benchmarks/fastsmtData/smt_data/qf_bv/bruttomesso/core/test/ext_con_028_128_1024.smt2,True,1.9401037693023682
108,benchmarks/fastsmtData/smt_data/qf_bv/bruttomesso/core/test/ext_con_032_001_0016.smt2,True,0.06960153579711914
109,benchmarks/fastsmtData/smt_data/qf_bv/bruttomesso/core/test/ext_con_032_001_0032.smt2,True,0.07937097549438477
110,benchmarks/fastsmtData/smt_data/qf_bv/bruttomesso/core/test/ext_con_032_001_0064.smt2,True,0.11169004440307617
111,benchmarks/fastsmtData/smt_data/qf_bv/bruttomesso/core/test/ext_con_032_001_0128.smt2,True,0.21429800987243652
112,benchmarks/fastsmtData/smt_data/qf_bv/bruttomesso/core/test/ext_con_032_001_0256.smt2,True,0.4190208911895752
113,benchmarks/fastsmtData/smt_data/qf_bv/bruttomesso/core/test/ext_con_032_001_0512.smt2,True,1.191664457321167
114,benchmarks/fastsmtData/smt_data/qf_bv/bruttomesso/core/test/ext_con_032_002_0128.smt2,True,0.20712614059448242
115,benchmarks/fastsmtData/smt_data/qf_bv/bruttomesso/core/test/ext_con_032_004_0016.smt2,True,0.08254170417785645
116,benchmarks/fastsmtData/smt_data/qf_bv/bruttomesso/core/test/ext_con_032_004_0128.smt2,True,0.20215916633605957
117,benchmarks/fastsmtData/smt_data/qf_bv/bruttomesso/core/test/ext_con_032_004_1024.smt2,True,10.217966318130493
118,benchmarks/fastsmtData/smt_data/qf_bv/bruttomesso/core/test/ext_con_032_008_0032.smt2,True,0.07524800300598145
119,benchmarks/fastsmtData/smt_data/qf_bv/bruttomesso/core/test/ext_con_032_008_0128.smt2,True,0.19463872909545898
120,benchmarks/fastsmtData/smt_data/qf_bv/bruttomesso/core/test/ext_con_032_008_0512.smt2,True,1.1169366836547852
121,benchmarks/fastsmtData/smt_data/qf_bv/bruttomesso/core/test/ext_con_032_016_0256.smt2,True,0.4145655632019043
122,benchmarks/fastsmtData/smt_data/qf_bv/bruttomesso/core/test/ext_con_032_016_0512.smt2,True,0.9179596900939941
123,benchmarks/fastsmtData/smt_data/qf_bv/bruttomesso/core/test/ext_con_032_032_0128.smt2,True,0.22352981567382812
124,benchmarks/fastsmtData/smt_data/qf_bv/bruttomesso/core/test/ext_con_032_032_1024.smt2,True,2.479835033416748
125,benchmarks/fastsmtData/smt_data/qf_bv/bruttomesso/core/test/ext_con_032_064_1024.smt2,True,2.6131527423858643
126,benchmarks/fastsmtData/smt_data/qf_bv/bruttomesso/core/test/ext_con_036_001_0016.smt2,True,0.10201430320739746
127,benchmarks/fastsmtData/smt_data/qf_bv/bruttomesso/core/test/ext_con_036_001_0032.smt2,True,0.11133599281311035
128,benchmarks/fastsmtData/smt_data/qf_bv/bruttomesso/core/test/ext_con_036_001_0128.smt2,True,0.2656364440917969
129,benchmarks/fastsmtData/smt_data/qf_bv/bruttomesso/core/test/ext_con_036_001_0256.smt2,True,0.4943668842315674
130,benchmarks/fastsmtData/smt_data/qf_bv/bruttomesso/core/test/ext_con_036_001_1024.smt2,True,2.0823850631713867
131,benchmarks/fastsmtData/smt_data/qf_bv/bruttomesso/core/test/ext_con_036_002_0032.smt2,True,0.0856010913848877
132,benchmarks/fastsmtData/smt_data/qf_bv/bruttomesso/core/test/ext_con_036_002_0064.smt2,True,0.1241610050201416
133,benchmarks/fastsmtData/smt_data/qf_bv/bruttomesso/core/test/ext_con_036_002_0256.smt2,True,0.4593954086303711
134,benchmarks/fastsmtData/smt_data/qf_bv/bruttomesso/core/test/ext_con_036_004_0256.smt2,True,0.49532079696655273
135,benchmarks/fastsmtData/smt_data/qf_bv/bruttomesso/core/test/ext_con_036_008_0256.smt2,True,0.3892216682434082
136,benchmarks/fastsmtData/smt_data/qf_bv/bruttomesso/core/test/ext_con_036_008_0512.smt2,True,0.9225974082946777
137,benchmarks/fastsmtData/smt_data/qf_bv/bruttomesso/core/test/ext_con_036_016_0512.smt2,True,1.219865322113037
138,benchmarks/fastsmtData/smt_data/qf_bv/bruttomesso/core/test/ext_con_036_016_1024.smt2,True,2.167074203491211
139,benchmarks/fastsmtData/smt_data/qf_bv/bruttomesso/core/test/ext_con_036_032_0128.smt2,True,0.2557051181793213
140,benchmarks/fastsmtData/smt_data/qf_bv/bruttomesso/core/test/ext_con_036_032_0256.smt2,True,0.47939395904541016
141,benchmarks/fastsmtData/smt_data/qf_bv/bruttomesso/core/test/ext_con_036_064_0256.smt2,True,0.5048360824584961
142,benchmarks/fastsmtData/smt_data/qf_bv/bruttomesso/core/test/ext_con_036_128_0512.smt2,True,1.3975517749786377
143,benchmarks/fastsmtData/smt_data/qf_bv/bruttomesso/core/test/ext_con_040_001_0256.smt2,True,0.6335625648498535
144,benchmarks/fastsmtData/smt_data/qf_bv/bruttomesso/core/test/ext_con_040_001_1024.smt2,True,2.479081392288208
145,benchmarks/fastsmtData/smt_data/qf_bv/bruttomesso/core/test/ext_con_040_002_0016.smt2,True,0.08254718780517578
146,benchmarks/fastsmtData/smt_data/qf_bv/bruttomesso/core/test/ext_con_040_004_0016.smt2,True,0.08500051498413086
147,benchmarks/fastsmtData/smt_data/qf_bv/bruttomesso/core/test/ext_con_040_004_0064.smt2,True,0.12894201278686523
148,benchmarks/fastsmtData/smt_data/qf_bv/bruttomesso/core/test/ext_con_040_004_0256.smt2,True,0.4413149356842041
149,benchmarks/fastsmtData/smt_data/qf_bv/bruttomesso/core/test/ext_con_040_008_0256.smt2,True,0.4265279769897461
150,benchmarks/fastsmtData/smt_data/qf_bv/bruttomesso/core/test/ext_con_040_008_0512.smt2,True,1.2620043754577637
151,benchmarks/fastsmtData/smt_data/qf_bv/bruttomesso/core/test/ext_con_040_008_1024.smt2,True,3.0455994606018066
152,benchmarks/fastsmtData/smt_data/qf_bv/bruttomesso/core/test/ext_con_040_016_0512.smt2,True,1.3937036991119385
153,benchmarks/fastsmtData/smt_data/qf_bv/bruttomesso/core/test/ext_con_040_032_0512.smt2,True,1.1941678524017334
154,benchmarks/fastsmtData/smt_data/qf_bv/bruttomesso/core/test/ext_con_040_064_0256.smt2,True,0.6328403949737549
155,benchmarks/fastsmtData/smt_data/qf_bv/bruttomesso/core/test/ext_con_040_064_0512.smt2,True,1.429372787475586
156,benchmarks/fastsmtData/smt_data/qf_bv/bruttomesso/core/test/ext_con_040_064_1024.smt2,True,2.7697644233703613
157,benchmarks/fastsmtData/smt_data/qf_bv/bruttomesso/core/test/ext_con_040_128_0512.smt2,True,1.5973141193389893
158,benchmarks/fastsmtData/smt_data/qf_bv/bruttomesso/core/test/ext_con_040_128_1024.smt2,True,3.18627667427063
159,benchmarks/fastsmtData/smt_data/qf_bv/bruttomesso/core/test/ext_con_044_001_0016.smt2,True,0.0739438533782959
160,benchmarks/fastsmtData/smt_data/qf_bv/bruttomesso/core/test/ext_con_044_002_0032.smt2,True,0.10579252243041992
161,benchmarks/fastsmtData/smt_data/qf_bv/bruttomesso/core/test/ext_con_044_002_0064.smt2,True,0.15710163116455078
162,benchmarks/fastsmtData/smt_data/qf_bv/bruttomesso/core/test/ext_con_044_002_0256.smt2,True,0.5909667015075684
163,benchmarks/fastsmtData/smt_data/qf_bv/bruttomesso/core/test/ext_con_044_004_0032.smt2,True,0.08300423622131348
164,benchmarks/fastsmtData/smt_data/qf_bv/bruttomesso/core/test/ext_con_044_004_0064.smt2,True,0.1496419906616211
165,benchmarks/fastsmtData/smt_data/qf_bv/bruttomesso/core/test/ext_con_044_004_0256.smt2,True,0.5960731506347656
166,benchmarks/fastsmtData/smt_data/qf_bv/bruttomesso/core/test/ext_con_044_004_1024.smt2,True,6.863314151763916
167,benchmarks/fastsmtData/smt_data/qf_bv/bruttomesso/core/test/ext_con_044_008_0128.smt2,True,0.2690865993499756
168,benchmarks/fastsmtData/smt_data/qf_bv/bruttomesso/core/test/ext_con_044_008_1024.smt2,True,3.2443161010742188
169,benchmarks/fastsmtData/smt_data/qf_bv/bruttomesso/core/test/ext_con_044_016_0064.smt2,True,0.18637323379516602
170,benchmarks/fastsmtData/smt_data/qf_bv/bruttomesso/core/test/ext_con_044_032_0128.smt2,True,0.29950571060180664
171,benchmarks/fastsmtData/smt_data/qf_bv/bruttomesso/core/test/ext_con_044_032_1024.smt2,True,2.816722869873047
172,benchmarks/fastsmtData/smt_data/qf_bv/bruttomesso/core/test/ext_con_044_064_0256.smt2,True,0.6731810569763184
173,benchmarks/fastsmtData/smt_data/qf_bv/bruttomesso/core/test/ext_con_044_128_0512.smt2,True,1.765556812286377
174,benchmarks/fastsmtData/smt_data/qf_bv/bruttomesso/core/test/ext_con_044_128_1024.smt2,True,3.8077480792999268
175,benchmarks/fastsmtData/smt_data/qf_bv/bruttomesso/core/test/ext_con_044_256_1024.smt2,True,3.6837692260742188
176,benchmarks/fastsmtData/smt_data/qf_bv/bruttomesso/core/test/ext_con_048_001_0016.smt2,True,0.11719703674316406
177,benchmarks/fastsmtData/smt_data/qf_bv/bruttomesso/core/test/ext_con_048_001_0032.smt2,True,0.13681578636169434
178,benchmarks/fastsmtData/smt_data/qf_bv/bruttomesso/core/test/ext_con_048_001_0064.smt2,True,0.15213370323181152
179,benchmarks/fastsmtData/smt_data/qf_bv/bruttomesso/core/test/ext_con_048_001_0256.smt2,True,0.7065575122833252
180,benchmarks/fastsmtData/smt_data/qf_bv/bruttomesso/core/test/ext_con_048_001_0512.smt2,True,1.3949368000030518
181,benchmarks/fastsmtData/smt_data/qf_bv/bruttomesso/core/test/ext_con_048_001_1024.smt2,True,2.812565803527832
182,benchmarks/fastsmtData/smt_data/qf_bv/bruttomesso/core/test/ext_con_048_002_0064.smt2,True,0.22673344612121582
183,benchmarks/fastsmtData/smt_data/qf_bv/bruttomesso/core/test/ext_con_048_002_0128.smt2,True,0.28371357917785645
184,benchmarks/fastsmtData/smt_data/qf_bv/bruttomesso/core/test/ext_con_048_002_0512.smt2,True,1.4918792247772217
185,benchmarks/fastsmtData/smt_data/qf_bv/bruttomesso/core/test/ext_con_048_004_0016.smt2,True,0.13606691360473633
186,benchmarks/fastsmtData/smt_data/qf_bv/bruttomesso/core/test/ext_con_048_004_0064.smt2,True,0.16302824020385742
187,benchmarks/fastsmtData/smt_data/qf_bv/bruttomesso/core/test/ext_con_048_004_0256.smt2,True,0.5545198917388916
188,benchmarks/fastsmtData/smt_data/qf_bv/bruttomesso/core/test/ext_con_048_004_0512.smt2,True,1.5796818733215332
189,benchmarks/fastsmtData/smt_data/qf_bv/bruttomesso/core/test/ext_con_048_004_1024.smt2,True,2.1294515132904053
190,benchmarks/fastsmtData/smt_data/qf_bv/bruttomesso/core/test/ext_con_048_008_0032.smt2,True,0.1074826717376709
191,benchmarks/fastsmtData/smt_data/qf_bv/bruttomesso/core/test/ext_con_048_008_0064.smt2,True,0.13877248764038086
192,benchmarks/fastsmtData/smt_data/qf_bv/bruttomesso/core/test/ext_con_048_008_0512.smt2,True,1.1235501766204834
193,benchmarks/fastsmtData/smt_data/qf_bv/bruttomesso/core/test/ext_con_048_008_1024.smt2,True,2.7420551776885986
194,benchmarks/fastsmtData/smt_data/qf_bv/bruttomesso/core/test/ext_con_048_016_0256.smt2,True,0.5477602481842041
195,benchmarks/fastsmtData/smt_data/qf_bv/bruttomesso/core/test/ext_con_048_032_0256.smt2,True,0.6627566814422607
196,benchmarks/fastsmtData/smt_data/qf_bv/bruttomesso/core/test/ext_con_048_064_1024.smt2,True,2.9421205520629883
197,benchmarks/fastsmtData/smt_data/qf_bv/bruttomesso/core/test/ext_con_048_128_0512.smt2,True,1.685002088546753
198,benchmarks/fastsmtData/smt_data/qf_bv/bruttomesso/core/test/ext_con_048_256_1024.smt2,True,3.6517674922943115
199,benchmarks/fastsmtData/smt_data/qf_bv/bruttomesso/core/test/ext_con_052_001_0256.smt2,True,0.6522412300109863
200,benchmarks/fastsmtData/smt_data/qf_bv/bruttomesso/core/test/ext_con_052_001_1024.smt2,True,3.614910364151001
201,benchmarks/fastsmtData/smt_data/qf_bv/bruttomesso/core/test/ext_con_052_002_0016.smt2,True,0.0863199234008789
202,benchmarks/fastsmtData/smt_data/qf_bv/bruttomesso/core/test/ext_con_052_002_0032.smt2,True,0.10214400291442871
203,benchmarks/fastsmtData/smt_data/qf_bv/bruttomesso/core/test/ext_con_052_002_1024.smt2,True,3.957690715789795
204,benchmarks/fastsmtData/smt_data/qf_bv/bruttomesso/core/test/ext_con_052_004_0256.smt2,True,0.622199296951294
205,benchmarks/fastsmtData/smt_data/qf_bv/bruttomesso/core/test/ext_con_052_004_0512.smt2,True,1.4767849445343018
206,benchmarks/fastsmtData/smt_data/qf_bv/bruttomesso/core/test/ext_con_052_008_0064.smt2,True,0.1673450469970703
207,benchmarks/fastsmtData/smt_data/qf_bv/bruttomesso/core/test/ext_con_052_032_1024.smt2,True,4.752427577972412
208,benchmarks/fastsmtData/smt_data/qf_bv/bruttomesso/core/test/ext_con_052_064_1024.smt2,True,4.348350763320923
209,benchmarks/fastsmtData/smt_data/qf_bv/bruttomesso/core/test/ext_con_052_128_1024.smt2,True,4.804657697677612
210,benchmarks/fastsmtData/smt_data/qf_bv/bruttomesso/core/test/ext_con_056_001_0016.smt2,True,0.09977340698242188
211,benchmarks/fastsmtData/smt_data/qf_bv/bruttomesso/core/test/ext_con_056_001_0064.smt2,True,0.17392730712890625
212,benchmarks/fastsmtData/smt_data/qf_bv/bruttomesso/core/test/ext_con_056_001_0128.smt2,True,0.352189302444458
213,benchmarks/fastsmtData/smt_data/qf_bv/bruttomesso/core/test/ext_con_056_001_0256.smt2,True,0.7117505073547363
214,benchmarks/fastsmtData/smt_data/qf_bv/bruttomesso/core/test/ext_con_056_002_0016.smt2,True,0.08996129035949707
215,benchmarks/fastsmtData/smt_data/qf_bv/bruttomesso/core/test/ext_con_056_002_0512.smt2,True,1.844304084777832
216,benchmarks/fastsmtData/smt_data/qf_bv/bruttomesso/core/test/ext_con_056_004_0032.smt2,True,0.12186551094055176
217,benchmarks/fastsmtData/smt_data/qf_bv/bruttomesso/core/test/ext_con_056_004_0128.smt2,True,0.3396425247192383
218,benchmarks/fastsmtData/smt_data/qf_bv/bruttomesso/core/test/ext_con_056_004_0256.smt2,True,0.6385431289672852
219,benchmarks/fastsmtData/smt_data/qf_bv/bruttomesso/core/test/ext_con_056_008_0032.smt2,True,0.12700700759887695
220,benchmarks/fastsmtData/smt_data/qf_bv/bruttomesso/core/test/ext_con_056_008_0128.smt2,True,0.3296077251434326
221,benchmarks/fastsmtData/smt_data/qf_bv/bruttomesso/core/test/ext_con_056_008_0512.smt2,True,1.771531343460083
222,benchmarks/fastsmtData/smt_data/qf_bv/bruttomesso/core/test/ext_con_056_016_0064.smt2,True,0.2008206844329834
223,benchmarks/fastsmtData/smt_data/qf_bv/bruttomesso/core/test/ext_con_056_016_0512.smt2,True,1.7050607204437256
224,benchmarks/fastsmtData/smt_data/qf_bv/bruttomesso/core/test/ext_con_056_016_1024.smt2,True,3.0424251556396484
225,benchmarks/fastsmtData/smt_data/qf_bv/bruttomesso/core/test/ext_con_056_032_0128.smt2,True,0.39615917205810547
226,benchmarks/fastsmtData/smt_data/qf_bv/bruttomesso/core/test/ext_con_056_032_1024.smt2,True,3.1144938468933105
227,benchmarks/fastsmtData/smt_data/qf_bv/bruttomesso/core/test/ext_con_056_064_0256.smt2,True,0.8487796783447266
228,benchmarks/fastsmtData/smt_data/qf_bv/bruttomesso/core/test/ext_con_056_064_0512.smt2,True,1.995863914489746
229,benchmarks/fastsmtData/smt_data/qf_bv/bruttomesso/core/test/ext_con_056_064_1024.smt2,True,4.182307004928589
230,benchmarks/fastsmtData/smt_data/qf_bv/bruttomesso/core/test/ext_con_056_256_1024.smt2,True,4.634992599487305
231,benchmarks/fastsmtData/smt_data/qf_bv/bruttomesso/core/test/ext_con_060_001_0016.smt2,True,0.07860898971557617
232,benchmarks/fastsmtData/smt_data/qf_bv/bruttomesso/core/test/ext_con_060_001_0064.smt2,True,0.24938511848449707
233,benchmarks/fastsmtData/smt_data/qf_bv/bruttomesso/core/test/ext_con_060_001_0128.smt2,True,0.4585843086242676
234,benchmarks/fastsmtData/smt_data/qf_bv/bruttomesso/core/test/ext_con_060_001_1024.smt2,True,3.7415480613708496
235,benchmarks/fastsmtData/smt_data/qf_bv/bruttomesso/core/test/ext_con_060_002_0016.smt2,True,0.10761332511901855
236,benchmarks/fastsmtData/smt_data/qf_bv/bruttomesso/core/test/ext_con_060_004_0064.smt2,True,0.2196052074432373
237,benchmarks/fastsmtData/smt_data/qf_bv/bruttomesso/core/test/ext_con_060_004_0512.smt2,True,1.7612004280090332
238,benchmarks/fastsmtData/smt_data/qf_bv/bruttomesso/core/test/ext_con_060_008_0064.smt2,True,0.28017330169677734
239,benchmarks/fastsmtData/smt_data/qf_bv/bruttomesso/core/test/ext_con_060_008_0256.smt2,True,0.7641091346740723
240,benchmarks/fastsmtData/smt_data/qf_bv/bruttomesso/core/test/ext_con_060_008_0512.smt2,True,1.6615872383117676
241,benchmarks/fastsmtData/smt_data/qf_bv/bruttomesso/core/test/ext_con_060_016_0256.smt2,True,0.7163307666778564
242,benchmarks/fastsmtData/smt_data/qf_bv/bruttomesso/core/test/ext_con_060_016_0512.smt2,True,1.858386754989624
243,benchmarks/fastsmtData/smt_data/qf_bv/bruttomesso/core/test/ext_con_060_032_0128.smt2,True,0.43303489685058594
244,benchmarks/fastsmtData/smt_data/qf_bv/bruttomesso/core/test/ext_con_060_064_0256.smt2,True,1.0038201808929443
245,benchmarks/fastsmtData/smt_data/qf_bv/bruttomesso/core/test/ext_con_060_128_0512.smt2,True,2.2439746856689453
246,benchmarks/fastsmtData/smt_data/qf_bv/bruttomesso/core/test/ext_con_060_128_1024.smt2,True,4.087912321090698
247,benchmarks/fastsmtData/smt_data/qf_bv/bruttomesso/core/test/ext_con_064_001_0032.smt2,True,0.15673184394836426
248,benchmarks/fastsmtData/smt_data/qf_bv/bruttomesso/core/test/ext_con_064_001_0256.smt2,True,0.9948933124542236
249,benchmarks/fastsmtData/smt_data/qf_bv/bruttomesso/core/test/ext_con_064_001_1024.smt2,True,3.4580130577087402
250,benchmarks/fastsmtData/smt_data/qf_bv/bruttomesso/core/test/ext_con_064_002_0512.smt2,True,2.084096670150757
251,benchmarks/fastsmtData/smt_data/qf_bv/bruttomesso/core/test/ext_con_064_002_1024.smt2,True,4.851745128631592
252,benchmarks/fastsmtData/smt_data/qf_bv/bruttomesso/core/test/ext_con_064_004_0032.smt2,True,0.12890410423278809
253,benchmarks/fastsmtData/smt_data/qf_bv/bruttomesso/core/test/ext_con_064_004_0064.smt2,True,0.19365906715393066
254,benchmarks/fastsmtData/smt_data/qf_bv/bruttomesso/core/test/ext_con_064_004_0128.smt2,True,0.3264486789703369
255,benchmarks/fastsmtData/smt_data/qf_bv/bruttomesso/core/test/ext_con_064_004_0512.smt2,True,1.5616252422332764
256,benchmarks/fastsmtData/smt_data/qf_bv/bruttomesso/core/test/ext_con_064_004_1024.smt2,True,4.5246617794036865
257,benchmarks/fastsmtData/smt_data/qf_bv/bruttomesso/core/test/ext_con_064_008_0032.smt2,True,0.14242339134216309
258,benchmarks/fastsmtData/smt_data/qf_bv/bruttomesso/core/test/ext_con_064_008_0064.smt2,True,0.21518898010253906
259,benchmarks/fastsmtData/smt_data/qf_bv/bruttomesso/core/test/ext_con_064_008_0128.smt2,True,0.36766505241394043
260,benchmarks/fastsmtData/smt_data/qf_bv/bruttomesso/core/test/ext_con_064_008_1024.smt2,True,4.9279186725616455
261,benchmarks/fastsmtData/smt_data/qf_bv/bruttomesso/core/test/ext_con_064_016_0064.smt2,True,0.21286463737487793
262,benchmarks/fastsmtData/smt_data/qf_bv/bruttomesso/core/test/ext_con_064_016_0128.smt2,True,0.35427165031433105
263,benchmarks/fastsmtData/smt_data/qf_bv/bruttomesso/core/test/ext_con_064_016_0512.smt2,True,1.5578513145446777
264,benchmarks/fastsmtData/smt_data/qf_bv/bruttomesso/core/test/ext_con_064_032_0256.smt2,True,0.8563344478607178
265,benchmarks/fastsmtData/smt_data/qf_bv/bruttomesso/core/test/ext_con_064_032_0512.smt2,True,1.737955093383789
266,benchmarks/fastsmtData/smt_data/qf_bv/bruttomesso/core/test/ext_con_064_032_1024.smt2,True,3.6597983837127686
267,benchmarks/fastsmtData/smt_data/qf_bv/bruttomesso/core/test/ext_con_064_064_1024.smt2,True,4.592182636260986
268,benchmarks/fastsmtData/smt_data/qf_bv/bruttomesso/core/test/ext_con_064_128_0512.smt2,True,2.197862148284912
269,benchmarks/fastsmtData/smt_data/qf_bv/bruttomesso/core/test/ext_con_064_256_1024.smt2,True,6.180312156677246
